{
  "stage1": {
    "dwa": {
      "accuracy": 0.41262135922330095,
      "f1_weighted": 0.41184434501785067
    },
    "rf": {
      "accuracy": 0.5752427184466019,
      "f1_weighted": 0.5670541248349535
    },
    "xgb": {
      "accuracy": 0.6092233009708737,
      "f1_weighted": 0.5988848547245431
    }
  },
  "stage2": {
    "su_kpa": {
      "dwa": {
        "mae": 8.810648740911658,
        "r2": -0.10403748923043388,
        "n": 152
      },
      "rf": {
        "mae": 7.422628289473682,
        "r2": 0.02549376568790651,
        "n": 152
      },
      "xgb": {
        "mae": 8.109511705448753,
        "r2": -0.2005408437655669,
        "n": 152
      }
    },
    "spt_n": {
      "dwa": {
        "mae": 11.106604509278341,
        "r2": 0.2700673128877068,
        "n": 200
      },
      "rf": {
        "mae": 9.155075,
        "r2": 0.45021858254924885,
        "n": 200
      },
      "xgb": {
        "mae": 10.658540296554566,
        "r2": 0.2549485490940475,
        "n": 200
      }
    },
    "unit_weight": {
      "dwa": {
        "mae": 1.0792335041070054,
        "r2": 0.38481567360763747,
        "n": 342
      },
      "rf": {
        "mae": 0.6985438596491206,
        "r2": 0.7119528723880961,
        "n": 342
      },
      "xgb": {
        "mae": 0.8025076537104376,
        "r2": 0.6147886234555933,
        "n": 342
      }
    },
    "plasticity_idx": {
      "dwa": {},
      "rf": {},
      "xgb": {}
    }
  }
}