{
  "stage1": {
    "dwa": {
      "accuracy": 0.8434579439252337,
      "f1_weighted": 0.824710919192038
    },
    "rf": {
      "accuracy": 0.8691588785046729,
      "f1_weighted": 0.8659444484428733
    },
    "xgb": {
      "accuracy": 0.8691588785046729,
      "f1_weighted": 0.8698997680317548
    }
  },
  "stage2": {
    "su_kpa": {
      "dwa": {
        "mae": 16.25898094961905,
        "r2": 0.7145229338919106,
        "n": 118
      },
      "rf": {
        "mae": 7.589724576271185,
        "r2": 0.927421493330005,
        "n": 118
      },
      "xgb": {
        "mae": 8.382467268281065,
        "r2": 0.9117911550761229,
        "n": 118
      }
    },
    "spt_n": {
      "dwa": {
        "mae": 8.989031588661586,
        "r2": 0.44519290726948946,
        "n": 310
      },
      "rf": {
        "mae": 5.953935483870967,
        "r2": 0.7496490286910807,
        "n": 310
      },
      "xgb": {
        "mae": 6.723707728232107,
        "r2": 0.6830260460645071,
        "n": 310
      }
    },
    "unit_weight": {
      "dwa": {
        "mae": 0.43079438935476083,
        "r2": 0.8889896206173694,
        "n": 428
      },
      "rf": {
        "mae": 0.2606471962616822,
        "r2": 0.9679065252393456,
        "n": 428
      },
      "xgb": {
        "mae": 0.2936243850494099,
        "r2": 0.9595307285584878,
        "n": 428
      }
    },
    "plasticity_idx": {
      "dwa": {
        "mae": 5.870085458185358,
        "r2": 0.6930668622727514,
        "n": 234
      },
      "rf": {
        "mae": 5.406431623931624,
        "r2": 0.7560189804229126,
        "n": 234
      },
      "xgb": {
        "mae": 6.175182195810171,
        "r2": 0.6536659318274559,
        "n": 234
      }
    }
  }
}